{
  "experiment": "Experiment 1: Basic CNN Architecture",
  "model_name": "Model_1",
  "targets": {
    "accuracy_target": 98.5,
    "parameter_limit": 8000,
    "epoch_limit": 15,
    "description": "Establish efficient baseline with minimal parameters"
  },
  "parameters": 5904,
  "epochs_trained": 15,
  "best_train_accuracy": 98.08166666666666,
  "best_test_accuracy": 98.21,
  "final_train_accuracy": 98.08166666666666,
  "final_test_accuracy": 98.21,
  "target_achieved": false,
  "train_losses": [
    2.3025588114886903,
    2.3021558912069815,
    1.3887497046863093,
    0.306130194238254,
    0.19520894487275245,
    0.14426551543986366,
    0.11826407765624111,
    0.10122338114087896,
    0.09276847003984934,
    0.08430892579368691,
    0.0798205761060214,
    0.07380996557917677,
    0.0701404529909637,
    0.06375203785826085,
    0.06212960194244282
  ],
  "train_accs": [
    11.053333333333333,
    11.081666666666667,
    50.51833333333333,
    90.375,
    93.93333333333334,
    95.46833333333333,
    96.4,
    96.88666666666667,
    97.1,
    97.42166666666667,
    97.505,
    97.73333333333333,
    97.79333333333334,
    98.03666666666666,
    98.08166666666666
  ],
  "test_losses": [
    2.302498121643066,
    2.3011756622314454,
    0.4205667535305023,
    0.21154876956939697,
    0.1423131109520793,
    0.12848857718110085,
    0.09602803434431553,
    0.09847628625221551,
    0.09252353346943855,
    0.07477144592609257,
    0.07047239795103669,
    0.07380535156503319,
    0.07527884599473328,
    0.06855285465493799,
    0.05775878831865266
  ],
  "test_accs": [
    11.45,
    12.45,
    86.51,
    93.51,
    95.63,
    96.22,
    96.97,
    97.04,
    97.13,
    97.66,
    97.81,
    97.81,
    97.75,
    98.02,
    98.21
  ],
  "timestamp": "2025-09-26T18:24:28.245105"
}