{
  "experiment": "Experiment 2: Enhanced Architecture with BN and Regularization",
  "model_name": "Model_2",
  "targets": {
    "accuracy_target": 99.0,
    "parameter_limit": 8000,
    "epoch_limit": 15,
    "description": "Improve training stability and reduce overfitting with BN and Dropout"
  },
  "parameters": 6056,
  "epochs_trained": 15,
  "best_train_accuracy": 98.66166666666666,
  "best_test_accuracy": 98.96,
  "final_train_accuracy": 98.66166666666666,
  "final_test_accuracy": 98.84,
  "target_achieved": false,
  "train_losses": [
    0.6990114716705738,
    0.14094660441472587,
    0.09850964264701932,
    0.08000861473286203,
    0.07089306502493778,
    0.0635754210250909,
    0.06188863471372804,
    0.05757509705834964,
    0.054686275765553974,
    0.051580085356566885,
    0.049073059742313144,
    0.04829277890597357,
    0.04708367201741904,
    0.04622482010788882,
    0.04427253944513354
  ],
  "train_accs": [
    79.77166666666666,
    96.21333333333334,
    97.175,
    97.66333333333333,
    97.87833333333333,
    98.06833333333333,
    98.12333333333333,
    98.24833333333333,
    98.33,
    98.415,
    98.50166666666667,
    98.54,
    98.62666666666667,
    98.54,
    98.66166666666666
  ],
  "test_losses": [
    0.29085310637950895,
    0.09781868967413902,
    0.0697554725036025,
    0.05989994521290064,
    0.07105519208908082,
    0.05298625861555338,
    0.045325526290386914,
    0.043029557513445615,
    0.038989012046903374,
    0.039385901140794155,
    0.03508996580168605,
    0.03559164306074381,
    0.03922143706157803,
    0.03711507089100778,
    0.037084649740345775
  ],
  "test_accs": [
    91.3,
    97.3,
    97.93,
    98.21,
    97.94,
    98.35,
    98.72,
    98.7,
    98.84,
    98.77,
    98.88,
    98.96,
    98.79,
    98.82,
    98.84
  ],
  "timestamp": "2025-09-26T18:26:10.511896"
}