{
  "experiment": "Experiment 3: Optimized Architecture with Data Augmentation and LR Scheduling",
  "model_name": "Model_3",
  "targets": {
    "accuracy_target": 99.4,
    "parameter_limit": 8000,
    "epoch_limit": 15,
    "consistency_epochs": 3,
    "description": "Achieve 99.4% accuracy consistently in last 3 epochs with OneCycle+EMA+LS"
  },
  "parameters": 7202,
  "epochs_trained": 15,
  "best_train_accuracy": 98.84833333333333,
  "best_test_accuracy": 98.91,
  "final_train_accuracy": 98.77666666666667,
  "final_test_accuracy": 98.89,
  "target_achieved": false,
  "consistent_target_achieved": false,
  "last_n_epochs": [
    98.79,
    98.91,
    98.89
  ],
  "train_losses": [
    0.7373227715047438,
    0.15781172546846017,
    0.11665708132421793,
    0.10202120120591446,
    0.09124172092484895,
    0.08568126749572978,
    0.08002443237504217,
    0.07809243956084318,
    0.07624730686627344,
    0.07125297596237298,
    0.06497155233963466,
    0.061526874695886684,
    0.0478790540720767,
    0.04323861240419243,
    0.04243997299571091
  ],
  "train_accs": [
    77.655,
    95.95166666666667,
    97.015,
    97.42833333333333,
    97.74833333333333,
    97.89333333333333,
    98.09666666666666,
    98.09666666666666,
    98.165,
    98.35,
    98.47333333333333,
    98.62,
    98.74333333333334,
    98.84833333333333,
    98.77666666666667
  ],
  "test_losses": [
    0.20645803451538086,
    0.12028348217606545,
    0.10539985201358795,
    0.07416576701104641,
    0.10724421271085739,
    0.06046180123835802,
    0.06302817723453046,
    0.06485730373263358,
    0.05126831033229828,
    0.04967211754322052,
    0.04727099434137344,
    0.04672290241420269,
    0.043770204232633114,
    0.03845143457651138,
    0.03660164484456181
  ],
  "test_accs": [
    95.0,
    97.1,
    97.25,
    98.15,
    97.05,
    98.48,
    98.59,
    98.41,
    98.82,
    98.8,
    98.84,
    98.88,
    98.79,
    98.91,
    98.89
  ],
  "timestamp": "2025-09-26T20:47:32.717042",
  "config": {
    "scheduler": "cosine",
    "base_lr": 0.03,
    "eta_min": 0.0003,
    "weight_decay": 0.0001
  }
}