{
  "experiment": "Experiment 2: Enhanced Architecture with BN and Regularization",
  "model_name": "Model_2",
  "targets": {
    "accuracy_target": 99.0,
    "parameter_limit": 8000,
    "epoch_limit": 15,
    "description": "Improve training stability and reduce overfitting with BN and Dropout"
  },
  "parameters": 6056,
  "epochs_trained": 15,
  "best_train_accuracy": 98.69,
  "best_test_accuracy": 99.17,
  "final_train_accuracy": 98.64666666666666,
  "final_test_accuracy": 99.17,
  "target_achieved": true,
  "train_losses": [
    0.7269016369891319,
    0.13908931736085714,
    0.0998943081693545,
    0.08266393208443355,
    0.07256268555405679,
    0.06720652682448565,
    0.060833607857892,
    0.05770945239430869,
    0.0539281424909417,
    0.050717560679657755,
    0.049831677153746264,
    0.04795067954653584,
    0.04613348655799813,
    0.04334360183869947,
    0.04427267403713167
  ],
  "train_accs": [
    79.735,
    96.38833333333334,
    97.17166666666667,
    97.58833333333334,
    97.91833333333334,
    97.99,
    98.16,
    98.26333333333334,
    98.38833333333334,
    98.515,
    98.46666666666667,
    98.50166666666667,
    98.64,
    98.69,
    98.64666666666666
  ],
  "test_losses": [
    0.14291332459449768,
    0.07427898522615432,
    0.05303667995333672,
    0.04757324318438769,
    0.043545492462813855,
    0.042144106390327216,
    0.034895189207419755,
    0.037644436233118174,
    0.03254233005046844,
    0.03380707777701318,
    0.03343794734571129,
    0.03155875116502866,
    0.02775472002774477,
    0.029220588767528533,
    0.026010022630169986
  ],
  "test_accs": [
    96.36,
    97.77,
    98.32,
    98.5,
    98.67,
    98.65,
    98.89,
    98.8,
    98.98,
    98.9,
    98.95,
    99.06,
    99.0,
    99.01,
    99.17
  ],
  "timestamp": "2025-09-26T18:09:33.032860"
}