{
  "experiment": "Experiment 1: Basic CNN Architecture",
  "model_name": "Model_1",
  "targets": {
    "accuracy_target": 98.5,
    "parameter_limit": 8000,
    "epoch_limit": 15,
    "description": "Establish efficient baseline with minimal parameters"
  },
  "parameters": 5904,
  "epochs_trained": 15,
  "best_train_accuracy": 98.20833333333333,
  "best_test_accuracy": 98.58,
  "final_train_accuracy": 98.20833333333333,
  "final_test_accuracy": 98.58,
  "target_achieved": true,
  "train_losses": [
    2.3025921478962847,
    2.3025618900876563,
    2.302509349546453,
    2.3022853235191882,
    2.059594125127487,
    0.33439368068345826,
    0.16470457835079255,
    0.11706922391552661,
    0.09490711707323948,
    0.08376426934631967,
    0.07597807568432426,
    0.0668633104419149,
    0.06072375840489576,
    0.057943821424491275,
    0.056574820822823654
  ],
  "train_accs": [
    11.706666666666667,
    15.276666666666667,
    15.883333333333333,
    12.131666666666666,
    21.578333333333333,
    89.56833333333333,
    95.04,
    96.40333333333334,
    97.03833333333333,
    97.41666666666667,
    97.675,
    97.95166666666667,
    98.1,
    98.2,
    98.20833333333333
  ],
  "test_losses": [
    2.302582243347168,
    2.3025498962402344,
    2.3024671028137207,
    2.3019219383239746,
    0.7718641368865967,
    0.15515181287527086,
    0.094453375685215,
    0.09711943908333778,
    0.06222540910840035,
    0.07233855720981955,
    0.05221737284734845,
    0.049307351350784304,
    0.05541567857395858,
    0.05512031158059835,
    0.042094585549458864
  ],
  "test_accs": [
    12.55,
    16.57,
    13.86,
    11.42,
    75.85,
    95.13,
    97.12,
    96.75,
    98.15,
    97.67,
    98.34,
    98.44,
    98.23,
    98.32,
    98.58
  ],
  "timestamp": "2025-09-26T18:07:37.545066"
}