{
  "experiment": "Experiment 3: Optimized Architecture with Data Augmentation and LR Scheduling",
  "model_name": "Model_3",
  "targets": {
    "accuracy_target": 99.4,
    "parameter_limit": 8000,
    "epoch_limit": 15,
    "consistency_epochs": 3,
    "description": "Achieve 99.4% accuracy consistently in last 3 epochs"
  },
  "parameters": 7402,
  "epochs_trained": 15,
  "best_train_accuracy": 98.87,
  "best_test_accuracy": 99.42,
  "final_train_accuracy": 98.85,
  "final_test_accuracy": 99.42,
  "target_achieved": true,
  "consistent_target_achieved": false,
  "last_n_epochs": [
    99.37,
    99.39,
    99.42
  ],
  "train_losses": [
    0.415087249193555,
    0.09400115998140149,
    0.07359379484876195,
    0.06267767358444203,
    0.05749283846356531,
    0.047433655568039114,
    0.043786185238558026,
    0.04242846936380654,
    0.04258572096243374,
    0.04162881187181165,
    0.0407888878222261,
    0.03905498384059206,
    0.03964186004841569,
    0.03982172565145502,
    0.03798251271621187
  ],
  "train_accs": [
    89.42333333333333,
    97.27166666666666,
    97.84666666666666,
    98.19166666666666,
    98.27,
    98.62333333333333,
    98.755,
    98.76666666666667,
    98.75666666666666,
    98.75833333333334,
    98.83,
    98.83166666666666,
    98.87,
    98.79333333333334,
    98.85
  ],
  "test_losses": [
    0.06483966448009014,
    0.0452890147857368,
    0.037176881097257135,
    0.030386681803315878,
    0.033924307979643346,
    0.024371201313473284,
    0.02228671253081411,
    0.022786059946753083,
    0.022813547058589758,
    0.02307452945895493,
    0.02188731585778296,
    0.020791567808948457,
    0.02118512033894658,
    0.020733868876285852,
    0.020545623163692652
  ],
  "test_accs": [
    98.32,
    98.72,
    98.94,
    99.15,
    98.96,
    99.21,
    99.31,
    99.28,
    99.29,
    99.34,
    99.33,
    99.37,
    99.37,
    99.39,
    99.42
  ],
  "timestamp": "2025-09-26T18:11:29.308258"
}